ANTIOQUIA;
ANTIOQUIA;MEDELLÍN
ANTIOQUIA;MEDELLÍN
ANTIOQUIA;MEDELLÍN
ANTIOQUIA;MEDELLÍN
ANTIOQUIA;MEDELLÍN
ANTIOQUIA;MEDELLÍN
ANTIOQUIA;MEDELLÍN
ANTIOQUIA;MEDELLÍN
ANTIOQUIA;MEDELLÍN
ANTIOQUIA;MEDELLÍN
ANTIOQUIA;MEDELLÍN
ANTIOQUIA;MEDELLÍN
ANTIOQUIA;MEDELLÍN
ANTIOQUIA;MEDELLÍN
ANTIOQUIA;MEDELLÍN
ANTIOQUIA;MEDELLÍN
ANTIOQUIA;MEDELLÍN
ANTIOQUIA;MEDELLÍN
ANTIOQUIA;MEDELLÍN
ANTIOQUIA;MEDELLÍN
ANTIOQUIA;MEDELLÍN
ANTIOQUIA;MEDELLÍN
ANTIOQUIA;MEDELLÍN
ANTIOQUIA;MEDELLÍN
ANTIOQUIA;MEDELLÍN
ANTIOQUIA;MEDELLÍN
ANTIOQUIA;MEDELLÍN
ANTIOQUIA;MEDELLÍN
ANTIOQUIA;MEDELLÍN
ANTIOQUIA;MEDELLÍN
ANTIOQUIA;MEDELLÍN
ANTIOQUIA;MEDELLÍN
ANTIOQUIA;MEDELLÍN
ANTIOQUIA;MEDELLÍN
ANTIOQUIA;MEDELLÍN
ANTIOQUIA;MEDELLÍN
ANTIOQUIA;MEDELLÍN
ANTIOQUIA;MEDELLÍN
ANTIOQUIA;MEDELLÍN
ANTIOQUIA;MEDELLÍN
ANTIOQUIA;MEDELLÍN
ANTIOQUIA;MEDELLÍN
ANTIOQUIA;MEDELLÍN
ANTIOQUIA;MEDELLÍN
ANTIOQUIA;MEDELLÍN
ANTIOQUIA;MEDELLÍN
ANTIOQUIA;MEDELLÍN
ANTIOQUIA;MEDELLÍN
ANTIOQUIA;MEDELLÍN
ANTIOQUIA;MEDELLÍN
ANTIOQUIA;MEDELLÍN
ANTIOQUIA;MEDELLÍN
ANTIOQUIA;MEDELLÍN
ANTIOQUIA;MEDELLÍN
ANTIOQUIA;MEDELLÍN
ANTIOQUIA;ABEJORRAL